number,value,datetime_start,datetime_complete,duration,params_bagging_temperature,params_border_count,params_depth,params_l2_leaf_reg,params_learning_rate,params_min_data_in_leaf,params_random_strength,state,rmse
131,0.07278531534629813,2026-07-27 05:23:17.884701,2026-07-27 05:23:31.528227,0 days 00:00:13.643526,0.8333129955129245,254,6,1.3630467109604305,0.010007132386538472,32,1.699987960279682,COMPLETE,0.2697875374184251
183,0.07279098057005559,2026-07-27 05:34:21.024262,2026-07-27 05:34:33.118104,0 days 00:00:12.093842,0.8756905417598584,254,6,1.6281695300571648,0.010012125194059177,28,1.6850429965675293,COMPLETE,0.2697980366312097
137,0.07279149743755702,2026-07-27 05:24:29.016860,2026-07-27 05:24:41.084151,0 days 00:00:12.067291,0.9120694377511059,254,6,1.520603573146885,0.010784699602521737,31,1.6471788062323536,COMPLETE,0.2697989945080541
181,0.07279648243162307,2026-07-27 05:33:57.225704,2026-07-27 05:34:09.159020,0 days 00:00:11.933316,0.8741369435938593,254,6,1.6449142845069327,0.01046359732385106,28,1.6777912430350639,COMPLETE,0.2698082326980092
189,0.07279718282236346,2026-07-27 05:35:31.264799,2026-07-27 05:35:43.117882,0 days 00:00:11.853083,0.9121058295444537,254,6,1.4492441908925715,0.010416649277654205,29,1.8221276468883338,COMPLETE,0.26980953063663904
195,0.07279955883105353,2026-07-27 05:38:41.068370,2026-07-27 05:38:52.535395,0 days 00:00:11.467025,0.42191563988343206,254,6,1.5288124955856568,0.010368974925332142,28,1.750866811377122,COMPLETE,0.269813933722952
187,0.0728000590772691,2026-07-27 05:35:07.477923,2026-07-27 05:35:19.414263,0 days 00:00:11.936340,0.8989105336621215,254,6,1.5728433942795021,0.010094096331854667,29,1.7132642755239351,COMPLETE,0.269814860742082
188,0.07280110521927546,2026-07-27 05:35:19.431344,2026-07-27 05:35:31.256048,0 days 00:00:11.824704,0.898947342564704,254,6,1.5810603366947564,0.010040215182028512,29,1.7904123956890707,COMPLETE,0.26981679936444924
164,0.07280230534159642,2026-07-27 05:29:41.386946,2026-07-27 05:29:55.414071,0 days 00:00:14.027125,0.96586625193362,254,6,2.2427531997157004,0.010006555785201345,31,2.0857892577123898,COMPLETE,0.26981902331302815
166,0.07280281877565223,2026-07-27 05:30:28.886140,2026-07-27 05:30:50.968539,0 days 00:00:22.082399,0.9987154042729735,254,6,2.129414452428102,0.010946100228070433,30,2.106914926061689,COMPLETE,0.26981997475289377
119,0.0728039892933601,2026-07-27 05:20:46.739639,2026-07-27 05:20:59.758727,0 days 00:00:13.019088,0.9290318811794419,254,6,2.1487719619562315,0.010807201550083165,41,1.65980345971635,COMPLETE,0.2698221438158108
186,0.07280421443343325,2026-07-27 05:34:55.078099,2026-07-27 05:35:07.469520,0 days 00:00:12.391421,0.8978042029854303,254,6,1.6113616203609806,0.010815182923421375,29,1.6925518290714388,COMPLETE,0.26982256101637103
93,0.07280465093823753,2026-07-27 05:15:04.344368,2026-07-27 05:15:14.902336,0 days 00:00:10.557968,0.8502712137331653,254,5,2.6594903923576245,0.010491684874126888,4,1.4490547250302184,COMPLETE,0.26982336988896555
160,0.07280609731237128,2026-07-27 05:28:54.420345,2026-07-27 05:29:05.799775,0 days 00:00:11.379430,0.9621617790552607,254,6,2.455299848159029,0.011586445223092323,30,1.5825004701311496,COMPLETE,0.269826050099636
171,0.07280666625970238,2026-07-27 05:31:40.402491,2026-07-27 05:31:52.862537,0 days 00:00:12.460046,0.910195573829703,254,6,2.0651235424236756,0.010484495671820368,32,1.8604368066425216,COMPLETE,0.26982710438297774
182,0.07280690134448062,2026-07-27 05:34:09.167654,2026-07-27 05:34:21.015439,0 days 00:00:11.847785,0.8796856995224444,254,6,1.6131091351183435,0.010544051098552975,31,1.642144979281408,COMPLETE,0.26982754000375986
118,0.07280734234422966,2026-07-27 05:20:33.754963,2026-07-27 05:20:46.730686,0 days 00:00:12.975723,0.9256895084671404,254,6,2.3661277933362337,0.010008818184433518,37,1.6573357272765363,COMPLETE,0.2698283571906957
198,0.07280942621385236,2026-07-27 05:39:13.086013,2026-07-27 05:39:24.325631,0 days 00:00:11.239618,0.36322923544063346,254,6,1.5932079613295567,0.010436792525593772,31,1.5611848698563964,COMPLETE,0.2698322186356781
101,0.07280942946157708,2026-07-27 05:16:45.235579,2026-07-27 05:16:58.860884,0 days 00:00:13.625305,0.8996873672995493,254,6,2.6975998130949255,0.010137562401098324,4,1.9929702444197654,COMPLETE,0.2698322246537227
129,0.07281051372268202,2026-07-27 05:22:52.291398,2026-07-27 05:23:03.891266,0 days 00:00:11.599868,0.8458987940690216,254,6,1.6168326251415555,0.010996469328396619,34,1.7444721339242761,COMPLETE,0.2698342337856374
140,0.07281173380371364,2026-07-27 05:25:09.356331,2026-07-27 05:25:21.476354,0 days 00:00:12.120023,0.8977876199217183,254,6,1.684778448666073,0.010611001491149992,36,1.4798341202367835,COMPLETE,0.2698364945734984
102,0.07281350421045185,2026-07-27 05:16:58.869306,2026-07-27 05:17:12.443172,0 days 00:00:13.573866,0.8626967428170967,254,6,2.7601671365625386,0.010275173642216057,3,1.945258176034658,COMPLETE,0.2698397750711556
109,0.07281492313920089,2026-07-27 05:18:31.820838,2026-07-27 05:18:45.582016,0 days 00:00:13.761178,0.8789804165862262,254,6,2.5094628305857305,0.010058139268394597,4,2.0643211182262995,COMPLETE,0.2698424042644167
191,0.07281562009670545,2026-07-27 05:35:55.416970,2026-07-27 05:36:07.505441,0 days 00:00:12.088471,0.9646507483861357,254,6,1.4226702292223272,0.010531148769884629,27,1.7191082679140806,COMPLETE,0.26984369567715577
190,0.07281574821370593,2026-07-27 05:35:43.126575,2026-07-27 05:35:55.408739,0 days 00:00:12.282164,0.8973240778567094,254,6,1.257005760844449,0.010008492296518729,29,1.7835579215812891,COMPLETE,0.26984393306818283
151,0.07281688238032727,2026-07-27 05:27:14.652912,2026-07-27 05:27:27.130878,0 days 00:00:12.477966,0.8431341535328737,254,6,1.8679645370464608,0.010978409193108869,30,1.6438332824689963,COMPLETE,0.2698460345832921
122,0.07281732248912928,2026-07-27 05:21:24.705222,2026-07-27 05:21:36.785250,0 days 00:00:12.080028,0.9352544028334371,254,6,1.846700774895363,0.010927314733107284,41,1.6246699762360628,COMPLETE,0.2698468500633818
134,0.07281776151980954,2026-07-27 05:23:55.655746,2026-07-27 05:24:08.120181,0 days 00:00:12.464435,0.8861908712967651,254,6,1.6796379074228664,0.011148012431378945,35,2.00099718458859,COMPLETE,0.2698476635433584
159,0.07281856659747202,2026-07-27 05:28:43.372741,2026-07-27 05:28:54.411595,0 days 00:00:11.038854,0.8413808245384714,254,6,2.4157617701363794,0.011552724440437201,34,1.603992478072626,COMPLETE,0.2698491552654409
97,0.07282024453534297,2026-07-27 05:15:48.155034,2026-07-27 05:16:00.814809,0 days 00:00:12.659775,0.8844087528897702,254,6,2.678770574197052,0.01023249302003854,7,1.636407654591998,COMPLETE,0.26985226427685016
92,0.07282154119528764,2026-07-27 05:14:53.020837,2026-07-27 05:15:04.331668,0 days 00:00:11.310831,0.7599994064483175,254,5,2.690272401562844,0.010002862718645967,3,1.400040432248834,COMPLETE,0.26985466680286935
179,0.0728216230491475,2026-07-27 05:33:41.426049,2026-07-27 05:33:52.574449,0 days 00:00:11.148400,0.946147063362051,254,6,1.7461012127930464,0.010882558799128217,32,2.0668807493289414,COMPLETE,0.26985481846568443
73,0.07282240611504494,2026-07-27 05:12:09.341875,2026-07-27 05:12:16.981231,0 days 00:00:07.639356,0.8320665271640483,254,5,3.1055603527705733,0.013219498913970467,5,0.8372029366147188,COMPLETE,0.26985626936398
152,0.07282251962925965,2026-07-27 05:27:27.140783,2026-07-27 05:27:38.916175,0 days 00:00:11.775392,0.8027716402654227,254,6,1.8975548296536253,0.011889739714369563,30,1.7016808448209386,COMPLETE,0.2698564796873695
57,0.07282282209857842,2026-07-27 05:09:48.954452,2026-07-27 05:09:56.849352,0 days 00:00:07.894900,0.6951729173160338,254,5,6.393607142581255,0.013451590125407534,4,1.2221844274446694,COMPLETE,0.26985704011305395
107,0.07282286511335677,2026-07-27 05:18:04.508244,2026-07-27 05:18:18.111785,0 days 00:00:13.603541,0.8455549303720759,254,6,2.310354853789844,0.010124096197768459,1,2.0001267334325354,COMPLETE,0.26985711981223837
63,0.07282345461948453,2026-07-27 05:10:37.493845,2026-07-27 05:10:46.200907,0 days 00:00:08.707062,0.837402934021811,254,5,6.414247448226697,0.013158317859403025,6,1.5644153605701407,COMPLETE,0.2698582120660487
145,0.07282360110452712,2026-07-27 05:26:09.256123,2026-07-27 05:26:22.928007,0 days 00:00:13.671884,0.900726742325865,254,6,1.5296397000718602,0.010012716748341874,37,2.12560923630417,COMPLETE,0.2698584834770386
121,0.07282544266100635,2026-07-27 05:21:12.701474,2026-07-27 05:21:24.695924,0 days 00:00:11.994450,0.932446698632487,254,6,2.2008427789053537,0.010983936736061689,38,1.639307158448227,COMPLETE,0.26986189553363465
168,0.07282570990289143,2026-07-27 05:31:03.098847,2026-07-27 05:31:15.552455,0 days 00:00:12.453608,0.9832855305751861,254,6,1.9770273090006185,0.01080937743502621,30,2.0638959784233353,COMPLETE,0.2698623906788262
172,0.07282670029886099,2026-07-27 05:31:52.872195,2026-07-27 05:32:13.663506,0 days 00:00:20.791311,0.9075984514831226,254,6,2.0928360461788054,0.010853176594913215,32,2.0286733106822785,COMPLETE,0.2698642256744324
154,0.07282697777466773,2026-07-27 05:27:50.255708,2026-07-27 05:28:03.791952,0 days 00:00:13.536244,0.8549199529902153,254,6,1.698027497830866,0.010477471956726788,25,2.01655479486631,COMPLETE,0.26986473977655495
193,0.07282801428603754,2026-07-27 05:38:18.308379,2026-07-27 05:38:29.256334,0 days 00:00:10.947955,0.8680630918653179,254,6,1.4916874412614405,0.010500976578231914,31,1.4841057338965027,COMPLETE,0.2698666601972862
124,0.07282809578041535,2026-07-27 05:21:49.633129,2026-07-27 05:22:01.878805,0 days 00:00:12.245676,0.9236967517016936,254,6,1.768853937318223,0.010844805550451125,45,2.000656534399478,COMPLETE,0.2698668111873251
141,0.07282826280307328,2026-07-27 05:25:21.485372,2026-07-27 05:25:33.129955,0 days 00:00:11.644583,0.8899234041096393,254,6,1.651630519873364,0.01077844162235011,36,1.4845889953131077,COMPLETE,0.2698671206410171
94,0.07282858555958481,2026-07-27 05:15:14.915390,2026-07-27 05:15:24.993732,0 days 00:00:10.078342,0.8689200821558983,254,5,2.6734535512197644,0.01126763693898125,4,1.40089025964109,COMPLETE,0.2698677186318972
123,0.07282879636964343,2026-07-27 05:21:36.794303,2026-07-27 05:21:49.621494,0 days 00:00:12.827191,0.9490115163387859,254,6,1.8911223155568433,0.010120949500331936,43,1.769141628982929,COMPLETE,0.26986810921196935
130,0.07282992044957415,2026-07-27 05:23:03.900237,2026-07-27 05:23:17.875970,0 days 00:00:13.975733,0.8533738343111713,254,6,3.0548477341758105,0.010080006812531635,36,2.1789541577085862,COMPLETE,0.2698701918507751
161,0.0728315714731557,2026-07-27 05:29:05.809611,2026-07-27 05:29:16.857609,0 days 00:00:11.047998,0.9559963731516037,254,6,2.39899642258923,0.0115514078590902,30,1.6439129698817636,COMPLETE,0.2698732507551567
199,0.07283219905591642,2026-07-27 05:39:24.337061,2026-07-27 05:39:35.912581,0 days 00:00:11.575520,0.378623889336906,254,6,1.5899281266445746,0.010367997062591231,31,1.81840335362749,COMPLETE,0.2698744134887863
135,0.07283284189973882,2026-07-27 05:24:08.131285,2026-07-27 05:24:19.900676,0 days 00:00:11.769391,0.8826010071398327,254,6,1.438561074347908,0.011154937739513147,35,1.8102382886042367,COMPLETE,0.26987560449165987
56,0.07283301871073977,2026-07-27 05:09:41.035962,2026-07-27 05:09:48.941168,0 days 00:00:07.905206,0.7330937200150357,254,5,6.141513492966571,0.01356851752882035,3,1.254034785156682,COMPLETE,0.26987593207016397
27,0.07283307885821436,2026-07-27 05:05:56.995326,2026-07-27 05:06:02.906727,0 days 00:00:05.911401,0.7497380477278639,254,5,2.8094830718973784,0.01650324460368794,14,0.6820900208654269,COMPLETE,0.269876043505559
148,0.07283332803650297,2026-07-27 05:26:45.937463,2026-07-27 05:26:57.768230,0 days 00:00:11.830767,0.9143278259425238,254,6,1.1806397969607312,0.011493215546485434,35,1.5032086107540903,COMPLETE,0.26987650515838346
173,0.07283392778645109,2026-07-27 05:32:13.688409,2026-07-27 05:32:54.942815,0 days 00:00:41.254406,0.954344231797038,254,6,1.8310201520015943,0.010457612197335455,36,1.8160960129546857,COMPLETE,0.26987761631237794
96,0.07283546498354662,2026-07-27 05:15:35.242343,2026-07-27 05:15:48.146507,0 days 00:00:12.904164,0.9020552144931734,254,6,2.669549523099953,0.010107526624927242,11,1.4063416147278636,COMPLETE,0.2698804642495389
194,0.0728354998597152,2026-07-27 05:38:29.265241,2026-07-27 05:38:41.059383,0 days 00:00:11.794142,0.9000864738936059,254,6,1.3711653809847413,0.010857369332991904,29,2.378787018774623,COMPLETE,0.2698805288636348
132,0.07283582465802216,2026-07-27 05:23:31.540966,2026-07-27 05:23:43.246296,0 days 00:00:11.705330,0.8164789205982931,254,6,1.3886948680705165,0.010796549819774905,31,1.7661961146843168,COMPLETE,0.2698811306075735
95,0.0728362656004565,2026-07-27 05:15:25.002109,2026-07-27 05:15:35.233965,0 days 00:00:10.231856,0.9031157952177548,254,5,2.6641420839269805,0.010101391429658832,4,1.3979738441233625,COMPLETE,0.2698819475260554
51,0.07283674577238985,2026-07-27 05:09:00.300356,2026-07-27 05:09:08.648042,0 days 00:00:08.347686,0.8257013360171291,254,5,4.574647182145513,0.012762964517308923,13,0.9379199920796906,COMPLETE,0.2698828371208326
108,0.07283749893853866,2026-07-27 05:18:18.120136,2026-07-27 05:18:31.810863,0 days 00:00:13.690727,0.8497387126000945,254,6,2.2674402638903484,0.010416763562962745,1,2.5628640477141644,COMPLETE,0.2698842324748496
91,0.07283784545065171,2026-07-27 05:14:43.787305,2026-07-27 05:14:53.011339,0 days 00:00:09.224034,0.7773605392262121,254,5,2.972252586618424,0.010505220948380386,4,0.8933775418522197,COMPLETE,0.2698848744384385
30,0.07283809048436186,2026-07-27 05:06:14.586355,2026-07-27 05:06:22.256859,0 days 00:00:07.670504,0.7804687273092631,254,5,2.857285571732995,0.012397598076960207,3,0.7661650360533543,COMPLETE,0.2698853283977509
185,0.07283853763731758,2026-07-27 05:34:43.823839,2026-07-27 05:34:55.068486,0 days 00:00:11.244647,0.9195756091648696,254,6,1.6543270757133166,0.01047511569268669,28,1.4563623051249055,COMPLETE,0.2698861568093436
162,0.0728393956288845,2026-07-27 05:29:16.870058,2026-07-27 05:29:28.988811,0 days 00:00:12.118753,0.9337749529219125,254,6,2.6059661158181533,0.010516170054168333,28,1.3675287954152047,COMPLETE,0.2698877463481521
68,0.0728400395513881,2026-07-27 05:11:32.650734,2026-07-27 05:11:41.151590,0 days 00:00:08.500856,0.6774535163396975,254,5,3.862127361979256,0.01162225991800309,6,0.792048438876515,COMPLETE,0.26988893929056834
83,0.07284099433197817,2026-07-27 05:13:50.663137,2026-07-27 05:13:59.381784,0 days 00:00:08.718647,0.7616441816197023,254,5,4.36248482799595,0.011460357292853137,2,0.8945639483730242,COMPLETE,0.26989070812456323
80,0.07284159245540812,2026-07-27 05:13:27.377245,2026-07-27 05:13:35.508589,0 days 00:00:08.131344,0.7812677892694553,254,5,3.3896476925411636,0.010634686855533822,5,0.5407110828129601,COMPLETE,0.2698918162068056
133,0.07284179635446597,2026-07-27 05:23:43.255544,2026-07-27 05:23:55.646894,0 days 00:00:12.391350,0.9180422928809314,254,6,1.623447203152236,0.010036339046658927,33,1.3499780567519146,COMPLETE,0.26989219394874314
22,0.07284210072964667,2026-07-27 05:05:24.272062,2026-07-27 05:05:32.763148,0 days 00:00:08.491086,0.8370511837849888,254,5,4.017821917628461,0.012484257165454978,18,1.0399094578163837,COMPLETE,0.2698927578310442
78,0.07284278183703088,2026-07-27 05:13:09.600730,2026-07-27 05:13:19.411741,0 days 00:00:09.811011,0.8787692767114471,254,6,2.030426424489353,0.011730309714262992,7,1.0686638226206886,COMPLETE,0.2698940196392482
24,0.07284293480679553,2026-07-27 05:05:40.247718,2026-07-27 05:05:47.874165,0 days 00:00:07.626447,0.8501157977498818,254,5,6.0596341552255755,0.01353500702626081,10,0.9648337583567305,COMPLETE,0.269894303027677
143,0.07284298010564631,2026-07-27 05:25:46.073130,2026-07-27 05:25:57.981030,0 days 00:00:11.907900,0.929177876149884,254,6,1.4323976596266936,0.011291892307225385,34,1.6638469362147295,COMPLETE,0.2698943869472767
52,0.07284355404144598,2026-07-27 05:09:08.658096,2026-07-27 05:09:16.723759,0 days 00:00:08.065663,0.8005550503322226,254,5,4.93892085899137,0.012379512218876496,14,0.9802809837255974,COMPLETE,0.26989545020516
156,0.07284411836163666,2026-07-27 05:28:17.007593,2026-07-27 05:28:28.991315,0 days 00:00:11.983722,0.865866365224936,254,6,2.542427577961963,0.01089524750535269,32,1.444625010113767,COMPLETE,0.269896495645343
128,0.07284449108273634,2026-07-27 05:22:41.968293,2026-07-27 05:22:52.282308,0 days 00:00:10.314015,0.9513430625373437,254,6,2.076072178765986,0.011587008058389324,38,1.1238355958368926,COMPLETE,0.269897186133417
184,0.072844669413609,2026-07-27 05:34:33.127229,2026-07-27 05:34:43.815296,0 days 00:00:10.688067,0.8762064916054859,254,6,1.5004881029978978,0.010405501360249187,26,1.2930404088822027,COMPLETE,0.26989751650137317
111,0.07284514488311128,2026-07-27 05:19:04.618794,2026-07-27 05:19:17.570764,0 days 00:00:12.951970,0.8028970970477615,254,6,2.337521243270646,0.010789812426120314,3,2.008325799468166,COMPLETE,0.26989839733335075
61,0.07284596531191345,2026-07-27 05:10:21.400636,2026-07-27 05:10:28.697634,0 days 00:00:07.296998,0.741924404207533,254,5,6.244454053725848,0.013347644080980794,8,0.8685914563937681,COMPLETE,0.26989991721360984
142,0.07284738330712179,2026-07-27 05:25:33.140775,2026-07-27 05:25:46.064010,0 days 00:00:12.923235,0.8707473124714807,254,6,1.8929193217258646,0.01059458916221498,35,1.9578708153736617,COMPLETE,0.26990254409160686
84,0.07284827944382025,2026-07-27 05:13:59.390948,2026-07-27 05:14:08.405806,0 days 00:00:09.014858,0.7492917786331126,254,5,4.4549415314289265,0.011729102498834685,47,1.2403066854531921,COMPLETE,0.2699042041981196
88,0.07284893025346639,2026-07-27 05:14:23.428735,2026-07-27 05:14:34.715689,0 days 00:00:11.286954,0.8274339635340732,254,6,7.786441104160216,0.01239751678134864,2,1.5733151076417464,COMPLETE,0.26990540982623223
136,0.0728492348131286,2026-07-27 05:24:19.909650,2026-07-27 05:24:29.008001,0 days 00:00:09.098351,0.9366777845884157,254,6,1.2829621367939528,0.01246176323749663,42,1.1939540983182384,COMPLETE,0.2699059740226744
55,0.07284930193825252,2026-07-27 05:09:33.444766,2026-07-27 05:09:41.027723,0 days 00:00:07.582957,0.962732359218655,254,6,4.413260177272827,0.014726096777590701,11,0.6674038606157806,COMPLETE,0.2699060983717347
138,0.07284937505177877,2026-07-27 05:24:41.092839,2026-07-27 05:24:53.159890,0 days 00:00:12.067051,0.9612775043825065,254,6,1.5468734055768325,0.010843838901953205,31,1.6394646328419995,COMPLETE,0.2699062338142244
153,0.07285002103982115,2026-07-27 05:27:38.929267,2026-07-27 05:27:50.245748,0 days 00:00:11.316481,0.8346924453499703,254,6,1.9784299402861671,0.01106361374697797,34,1.558503241515406,COMPLETE,0.26990743050131305
53,0.07285193974566158,2026-07-27 05:09:16.732267,2026-07-27 05:09:24.765177,0 days 00:00:08.032910,0.8077209136023519,254,5,4.722470917579213,0.01214649786903781,14,1.057552374446349,COMPLETE,0.2699109848554919
64,0.07285310927933956,2026-07-27 05:10:46.210698,2026-07-27 05:10:57.697102,0 days 00:00:11.486404,0.7863657160759758,254,5,7.9453596062431835,0.010036985253124034,7,2.109681114400936,COMPLETE,0.2699131513641741
196,0.07285330719601998,2026-07-27 05:38:52.544122,2026-07-27 05:39:02.864125,0 days 00:00:10.320003,0.4488638408714874,254,6,1.546899949642003,0.010608429751995265,28,1.3500400322643142,COMPLETE,0.26991351799422714
71,0.07285359113142983,2026-07-27 05:11:53.570306,2026-07-27 05:12:01.665085,0 days 00:00:08.094779,0.7673854326029934,254,5,3.188399789753057,0.010842031446750432,12,0.7349702522328424,COMPLETE,0.2699140439685009
175,0.07285537713454224,2026-07-27 05:33:06.615932,2026-07-27 05:33:18.658810,0 days 00:00:12.042878,0.9202616707030175,254,6,2.07015846969607,0.010464916700910567,33,2.2336713096815988,COMPLETE,0.2699173524146646
197,0.07285547247861801,2026-07-27 05:39:02.873711,2026-07-27 05:39:13.076656,0 days 00:00:10.202945,0.9294785081234237,254,6,1.4754168843652096,0.011256875945008495,27,1.7215137127677378,COMPLETE,0.26991752903177296
54,0.07285617427280303,2026-07-27 05:09:24.774892,2026-07-27 05:09:33.435884,0 days 00:00:08.660992,0.6733018416252878,254,4,5.645381921696217,0.010197671139131654,17,0.8108868304884395,COMPLETE,0.2699188290445908
167,0.07285694116921865,2026-07-27 05:30:50.981458,2026-07-27 05:31:03.090091,0 days 00:00:12.108633,0.9819148646306636,254,6,2.122618634956002,0.011470735207795825,27,2.4051433841621943,COMPLETE,0.26992024964648104
81,0.0728578006731612,2026-07-27 05:13:35.518362,2026-07-27 05:13:43.945274,0 days 00:00:08.426912,0.7876760334987815,254,5,3.0904115225163364,0.010863817704027667,5,0.5478142573527478,COMPLETE,0.26992184178602735
112,0.07285884781062676,2026-07-27 05:19:17.579005,2026-07-27 05:19:31.035570,0 days 00:00:13.456565,0.8672711045698881,254,6,2.97743079949509,0.01125447194707936,6,2.3081029678389418,COMPLETE,0.2699237814840085
72,0.07285904954971183,2026-07-27 05:12:01.682629,2026-07-27 05:12:09.333168,0 days 00:00:07.650539,0.744635196376026,254,5,2.8302604021487294,0.012611211404997859,1,1.1630814982410138,COMPLETE,0.2699241551801391
82,0.07285934571703447,2026-07-27 05:13:43.953735,2026-07-27 05:13:50.654061,0 days 00:00:06.700326,0.7298642362036738,254,5,3.350064330297064,0.012982693577614378,4,0.6411165914603179,COMPLETE,0.2699247037916953
178,0.07285991268457268,2026-07-27 05:33:31.426330,2026-07-27 05:33:41.413036,0 days 00:00:09.986706,0.9009407025575072,254,6,2.493352823508421,0.01153905595017108,34,1.5242020564685228,COMPLETE,0.26992575402242125
21,0.07286060952234866,2026-07-27 05:05:17.976705,2026-07-27 05:05:24.259000,0 days 00:00:06.282295,0.7645132946098929,254,5,4.11655024621574,0.018150069429068463,19,1.5780527295855873,COMPLETE,0.26992704481461033
157,0.07286093119986073,2026-07-27 05:28:29.000492,2026-07-27 05:28:39.809031,0 days 00:00:10.808539,0.8207945859467799,254,6,2.904490072415381,0.01251402328823776,45,1.7501077677723313,COMPLETE,0.2699276406740531
90,0.07286103020099335,2026-07-27 05:14:36.917293,2026-07-27 05:14:43.777511,0 days 00:00:06.860218,0.6449654993124316,254,5,1.158064258844323,0.012981021911973936,1,0.7277523787394558,COMPLETE,0.2699278240585682
170,0.0728613574188117,2026-07-27 05:31:29.418582,2026-07-27 05:31:40.391711,0 days 00:00:10.973129,0.9370067578448488,254,6,2.262913686465962,0.01195358251219949,29,2.2041096485277496,COMPLETE,0.2699284301788378
23,0.07286193075198569,2026-07-27 05:05:32.778205,2026-07-27 05:05:40.239046,0 days 00:00:07.460841,0.8498296733153637,254,5,4.169996183723717,0.012939795453663984,13,0.9550367022327997,COMPLETE,0.2699294921863591
113,0.07286269204399815,2026-07-27 05:19:31.044608,2026-07-27 05:19:44.867957,0 days 00:00:13.823349,0.840557143689854,254,6,1.5762975913880077,0.010520466761212438,4,2.7055486047352866,COMPLETE,0.2699309023509501
126,0.07286374725189262,2026-07-27 05:22:14.257561,2026-07-27 05:22:24.655062,0 days 00:00:10.397501,0.9854413557193636,254,6,1.695825710189753,0.012369846557623299,38,1.5421114104431184,COMPLETE,0.2699328569327799
155,0.0728649573562088,2026-07-27 05:28:03.801095,2026-07-27 05:28:16.998553,0 days 00:00:13.197458,0.8933691533893973,254,6,1.8122560021936922,0.01000170358494578,37,2.245297697782818,COMPLETE,0.26993509841480195
165,0.07286583002889901,2026-07-27 05:29:55.425167,2026-07-27 05:30:28.860572,0 days 00:00:33.435405,0.9713854452560261,254,6,2.2259067606933067,0.012039468400907924,31,2.709533448886601,COMPLETE,0.26993671485905546
35,0.07286607156639932,2026-07-27 05:06:44.187310,2026-07-27 05:06:52.388776,0 days 00:00:08.201466,0.7368926837913256,254,5,2.2835556326148314,0.011884843874842663,10,1.1347725714312185,COMPLETE,0.26993716225521697
163,0.07286739014683156,2026-07-27 05:29:28.998208,2026-07-27 05:29:41.375156,0 days 00:00:12.376948,0.2317248487910477,254,6,2.7451134048010832,0.011190672278188077,34,1.5527801426488543,COMPLETE,0.2699396046282049
174,0.07286755319314078,2026-07-27 05:32:54.951403,2026-07-27 05:33:06.603139,0 days 00:00:11.651736,0.9954010981205932,254,6,1.9183381577265044,0.011188142389853106,30,2.561495706158049,COMPLETE,0.2699399066332001
150,0.07286833839716006,2026-07-27 05:27:03.639451,2026-07-27 05:27:14.638924,0 days 00:00:10.999473,0.8827404921521079,254,6,1.6278859790986169,0.010480353884619322,39,1.3164863042128134,COMPLETE,0.2699413610345033
103,0.07286928173040552,2026-07-27 05:17:12.451763,2026-07-27 05:17:26.421336,0 days 00:00:13.969573,0.8562806505488049,254,6,2.1053762458326375,0.010483762758572764,3,3.023195910589087,COMPLETE,0.2699431083217453
106,0.07287016830085986,2026-07-27 05:17:53.491038,2026-07-27 05:18:04.499309,0 days 00:00:11.008271,0.9387829316099143,254,6,2.843642352066684,0.011999475459165633,7,1.7625092480866835,COMPLETE,0.26994475045990407
104,0.07287045497222776,2026-07-27 05:17:26.429900,2026-07-27 05:17:37.859027,0 days 00:00:11.429127,0.9553007653077691,254,6,2.46069353801943,0.011990519783896848,5,1.9435047298529544,COMPLETE,0.269945281440939
31,0.07287070202758146,2026-07-27 05:06:22.266424,2026-07-27 05:06:29.414148,0 days 00:00:07.147724,0.7686016647001799,254,5,2.6248487668035736,0.012296417457027493,2,0.8738651461299293,COMPLETE,0.26994573904320374
67,0.0728712650639065,2026-07-27 05:11:25.499520,2026-07-27 05:11:32.641945,0 days 00:00:07.142425,0.8214032195080115,254,4,9.06830462994994,0.01434363790179597,8,1.6212193513472055,COMPLETE,0.2699467819106323
62,0.07287138697695283,2026-07-27 05:10:28.706255,2026-07-27 05:10:37.485210,0 days 00:00:08.778955,0.8757778364118423,254,5,7.214912541543055,0.011957460750416657,3,1.2537338026238611,COMPLETE,0.26994700771994645
47,0.07287168144276687,2026-07-27 05:07:50.777706,2026-07-27 05:07:57.908402,0 days 00:00:07.130696,0.5216825290003299,254,4,3.791322950605486,0.010950950073776252,5,0.6831277723318309,COMPLETE,0.26994755313350566
59,0.0728724435267798,2026-07-27 05:10:05.548248,2026-07-27 05:10:15.706074,0 days 00:00:10.157826,0.6242773194136575,254,5,8.393878676087168,0.011221710262588823,5,2.33234207799024,COMPLETE,0.26994896467069435
144,0.07287313521111635,2026-07-27 05:25:57.989647,2026-07-27 05:26:09.247227,0 days 00:00:11.257580,0.8312294743966065,254,6,1.7851512924636055,0.012092443491074623,33,2.3061618138204816,COMPLETE,0.26995024580673443
74,0.07287528341369466,2026-07-27 05:12:16.998283,2026-07-27 05:12:24.081093,0 days 00:00:07.082810,0.694767641128336,254,5,3.150583252559219,0.014167428541437108,6,0.8960998391839681,COMPLETE,0.269954224663543
42,0.07287607188339895,2026-07-27 05:07:22.785340,2026-07-27 05:07:31.924773,0 days 00:00:09.139433,0.6204677490264079,254,5,3.597327468492152,0.011381298803359315,10,1.4804793281739208,COMPLETE,0.2699556850362647
48,0.07287683715474609,2026-07-27 05:07:57.917172,2026-07-27 05:08:04.991219,0 days 00:00:07.074047,0.9422198356649079,254,5,6.0594492970257035,0.01599924469102917,1,1.7441028840662132,COMPLETE,0.2699571024343425
146,0.07287765296179101,2026-07-27 05:26:22.936479,2026-07-27 05:26:34.084806,0 days 00:00:11.148327,0.8623177065791251,254,6,1.3502689673650068,0.01046818762495165,41,1.370698877359691,COMPLETE,0.26995861342396726
77,0.07288189808033638,2026-07-27 05:13:04.018908,2026-07-27 05:13:09.591025,0 days 00:00:05.572117,0.8324421574249399,254,5,3.5943605904019504,0.016584572991201134,2,0.4479152230946918,COMPLETE,0.26996647584531
33,0.07288284955612165,2026-07-27 05:06:36.316058,2026-07-27 05:06:41.354590,0 days 00:00:05.038532,0.8501540887053661,254,6,4.969658763488366,0.022584885705214313,6,0.5094158048285973,COMPLETE,0.269968238050556
169,0.07288305917071627,2026-07-27 05:31:15.561335,2026-07-27 05:31:29.409676,0 days 00:00:13.848341,0.9586590053870895,254,7,2.4211291989549584,0.012798229414639884,33,1.8620301514164064,COMPLETE,0.2699686262711211
28,0.07288595853320926,2026-07-27 05:06:02.921784,2026-07-27 05:06:08.873509,0 days 00:00:05.951725,0.6904985293859538,254,4,2.774708290504625,0.012743830931580833,13,0.37075082983246077,COMPLETE,0.2699739960314868
32,0.07288603904114974,2026-07-27 05:06:29.422738,2026-07-27 05:06:36.307391,0 days 00:00:06.884653,0.6515090943307191,254,6,3.423698679308029,0.015083630702058464,10,0.7399947378622546,COMPLETE,0.26997414513458456
60,0.072886263877154,2026-07-27 05:10:15.714707,2026-07-27 05:10:21.391323,0 days 00:00:05.676616,0.5934534440131808,254,4,5.289963597266275,0.013759997350973021,1,0.4998804201816752,COMPLETE,0.2699745615371085
37,0.07288860418456018,2026-07-27 05:06:56.662811,2026-07-27 05:07:03.988437,0 days 00:00:07.325626,0.912587355247904,254,6,1.8677431948179473,0.014128694478853123,26,0.7199844096428563,COMPLETE,0.2699788958132842
26,0.07288968540522003,2026-07-27 05:05:51.213929,2026-07-27 05:05:56.986432,0 days 00:00:05.772503,0.9983260204300335,254,5,6.8571136789463125,0.0190810401656261,24,1.1537692145400644,COMPLETE,0.2699808982228558
18,0.07288993851390572,2026-07-27 05:04:47.469354,2026-07-27 05:05:04.327697,0 days 00:00:16.858343,0.5846569946749524,254,7,4.288280047031839,0.01118656865027002,17,2.2379844382847827,COMPLETE,0.2699813669754002
98,0.07289019620621918,2026-07-27 05:16:00.825450,2026-07-27 05:16:19.418971,0 days 00:00:18.593521,0.9988661377085578,254,7,2.1762473721160167,0.010594849110158611,11,2.458837942795798,COMPLETE,0.26998184421590127
58,0.07289023173109568,2026-07-27 05:09:56.863026,2026-07-27 05:10:05.538753,0 days 00:00:08.675727,0.7245771673807042,254,6,7.264142560040518,0.015425156217051761,3,1.2886746814477008,COMPLETE,0.2699819100071256
2,0.0728907593167581,2026-07-27 05:00:46.385308,2026-07-27 05:01:04.186797,0 days 00:00:17.801489,0.5626078786623131,254,7,1.2973749049491015,0.010354662920680742,19,2.2630123711947205,COMPLETE,0.26998288708130763
116,0.07289325658970074,2026-07-27 05:20:11.966136,2026-07-27 05:20:22.710227,0 days 00:00:10.744091,0.8914090413986158,254,6,2.7934188282643664,0.012011653991227349,3,1.870821827203768,COMPLETE,0.269987511914349
44,0.07289572913732495,2026-07-27 05:07:37.062163,2026-07-27 05:07:43.040499,0 days 00:00:05.978336,0.7057447343039409,254,4,8.0120559201655,0.014361721282619923,29,0.9796784288908097,COMPLETE,0.2699920908792051
125,0.07289602491721162,2026-07-27 05:22:01.887918,2026-07-27 05:22:14.247517,0 days 00:00:12.359599,0.8908649334356816,254,6,2.3494333797074827,0.01172118471876975,40,3.1386192776113324,COMPLETE,0.26999263863522577
105,0.0728967001013173,2026-07-27 05:17:37.870034,2026-07-27 05:17:53.482582,0 days 00:00:15.612548,0.974761765895455,254,7,1.9992074179001906,0.01118983609963737,2,1.5639914677639664,COMPLETE,0.26999388900735755
139,0.07289849411074183,2026-07-27 05:24:53.168774,2026-07-27 05:25:09.347359,0 days 00:00:16.178585,0.9119518379583406,254,7,1.3120612839742314,0.011622571449303575,29,2.554735552117774,COMPLETE,0.269997211301787
149,0.07289975956359346,2026-07-27 05:26:57.776899,2026-07-27 05:27:03.629613,0 days 00:00:05.852714,0.9841672886811202,254,6,1.4768080474600032,0.02424520305889115,28,1.9005388181001697,COMPLETE,0.26999955474702814
65,0.07290073834324975,2026-07-27 05:10:57.706107,2026-07-27 05:11:09.110013,0 days 00:00:11.403906,0.7019634390040248,254,6,6.557646113289341,0.012770908701805772,5,2.9220976082187446,COMPLETE,0.2700013672988523
110,0.07290222855780351,2026-07-27 05:18:45.592057,2026-07-27 05:19:04.605908,0 days 00:00:19.013851,0.8798824457530304,254,7,2.51723567190512,0.010073414302768945,4,3.505613267206372,COMPLETE,0.27000412692735554
49,0.07290311778010364,2026-07-27 05:08:04.999863,2026-07-27 05:08:16.905800,0 days 00:00:11.905937,0.8371799419529237,254,6,3.3501878901392717,0.013457208652421027,24,3.6101990303121188,COMPLETE,0.270005773605128
25,0.07290426500435467,2026-07-27 05:05:47.884549,2026-07-27 05:05:51.205140,0 days 00:00:03.320591,0.862522899774854,254,4,6.590719571491054,0.02700741501520599,7,0.4262230896136173,COMPLETE,0.2700078980406956
45,0.07290680341318367,2026-07-27 05:07:43.049024,2026-07-27 05:07:48.417334,0 days 00:00:05.368310,0.8601768659200117,254,5,3.041382104614088,0.017846497617844594,12,0.5654859288365037,COMPLETE,0.27001259861936755
76,0.07290722893236924,2026-07-27 05:12:59.553412,2026-07-27 05:13:04.009651,0 days 00:00:04.456239,0.6618344760069715,254,4,2.331068272598276,0.018525445354627215,9,0.6281617989886974,COMPLETE,0.27001338657994206
43,0.07290750549824844,2026-07-27 05:07:31.934048,2026-07-27 05:07:37.052913,0 days 00:00:05.118865,0.7895680898721955,254,5,5.430962657425318,0.02120823080814115,15,0.8153852681100326,COMPLETE,0.2700138987131004
114,0.07290813518493558,2026-07-27 05:19:44.877640,2026-07-27 05:19:55.388632,0 days 00:00:10.510992,0.9096487127806705,254,6,2.7213336388387357,0.01139797015939715,5,1.255127388045091,COMPLETE,0.2700150647370172
115,0.07290850518936855,2026-07-27 05:19:55.399790,2026-07-27 05:20:11.957294,0 days 00:00:16.557504,0.8154449595486091,254,7,2.544366756433317,0.010062573590483005,1,1.4799827401639531,COMPLETE,0.2700157498913138
127,0.07291011791292015,2026-07-27 05:22:24.664025,2026-07-27 05:22:41.959292,0 days 00:00:17.295267,0.9035513598727409,254,7,2.179269077513164,0.01049981112309438,43,2.3961650532084384,COMPLETE,0.2700187362256926
85,0.07291269063830456,2026-07-27 05:14:08.415167,2026-07-27 05:14:14.617963,0 days 00:00:06.202796,0.714570902689459,254,5,3.9668434481555264,0.014573346096538658,2,0.9415552084856618,COMPLETE,0.27002350015934645
19,0.07291575311589686,2026-07-27 05:05:04.341029,2026-07-27 05:05:10.604595,0 days 00:00:06.263566,0.7541287162811731,254,5,4.019516238907441,0.017984837568182394,17,1.4947224537212518,COMPLETE,0.27002917086103284
40,0.07292276686712101,2026-07-27 05:07:11.554740,2026-07-27 05:07:16.205846,0 days 00:00:04.651106,0.89448596963675,254,6,2.4432980083335214,0.026389353852928496,22,1.1445315128658922,COMPLETE,0.2700421575738148
41,0.0729255485254898,2026-07-27 05:07:16.215825,2026-07-27 05:07:22.776826,0 days 00:00:06.561001,0.7203569017920428,254,5,4.619510627383493,0.01712380962458338,19,1.8446693615147287,COMPLETE,0.2700473079397197
70,0.0729279006640176,2026-07-27 05:11:48.407957,2026-07-27 05:11:53.560185,0 days 00:00:05.152228,0.6694768629328014,254,5,5.3620689779869055,0.017167035151533623,3,0.3742424829132528,COMPLETE,0.27005166295362376
13,0.07293160640813157,2026-07-27 05:03:49.209704,2026-07-27 05:04:06.350204,0 days 00:00:17.140500,0.2773802130182471,254,7,9.916142840612547,0.011370507096225179,40,2.6339855375485217,COMPLETE,0.2700585240427185
100,0.07293830094602911,2026-07-27 05:16:29.665941,2026-07-27 05:16:45.226963,0 days 00:00:15.561022,0.8781446334454368,254,7,2.593964075276021,0.011137529269874291,8,1.6910182293522074,COMPLETE,0.2700709183641014
180,0.07295349247388287,2026-07-27 05:33:52.583112,2026-07-27 05:33:57.216679,0 days 00:00:04.633567,0.8485659771311549,254,6,2.4244430277353626,0.035916290094673974,37,1.8107610189881849,COMPLETE,0.27009904197142737
34,0.07297168477854425,2026-07-27 05:06:41.368120,2026-07-27 05:06:44.177338,0 days 00:00:02.809218,0.6391411272167248,254,4,2.897555765388925,0.03410501517226656,15,0.32811524696281164,COMPLETE,0.2701327169717586
15,0.07298310736272873,2026-07-27 05:04:19.747585,2026-07-27 05:04:25.189393,0 days 00:00:05.441808,0.265863560044564,254,5,1.0707656439714648,0.019906719549039133,36,1.3629110497925812,COMPLETE,0.27015385868561775
14,0.07298404932553763,2026-07-27 05:04:06.359104,2026-07-27 05:04:19.737462,0 days 00:00:13.378358,0.0006534135781382511,254,7,3.265546729916505,0.014339829125433216,17,2.808286424606338,COMPLETE,0.27015560206210354
158,0.07298470592260942,2026-07-27 05:28:39.820082,2026-07-27 05:28:43.361206,0 days 00:00:03.541124,0.9195110733934537,254,6,1.5641988912098566,0.04727361349858474,32,1.8906248884202106,COMPLETE,0.2701568172795375
16,0.07298983844278209,2026-07-27 05:04:25.198858,2026-07-27 05:04:40.048973,0 days 00:00:14.850115,0.5138008742477249,254,7,7.281705875094964,0.013369440470007174,4,3.391198044739335,COMPLETE,0.27016631626237586
38,0.07299324454593023,2026-07-27 05:07:04.007240,2026-07-27 05:07:06.738515,0 days 00:00:02.731275,0.805769578685828,254,5,2.9403848246718707,0.04070799966405379,20,0.4754864271341478,COMPLETE,0.27017261990425717
66,0.07299915721420852,2026-07-27 05:11:09.119525,2026-07-27 05:11:25.487636,0 days 00:00:16.368111,0.46937350594738037,254,8,2.569355001691012,0.015338570489873736,3,1.4337389507751988,COMPLETE,0.2701835620725445
79,0.0730037011554155,2026-07-27 05:13:19.420741,2026-07-27 05:13:27.369164,0 days 00:00:07.948423,0.9218449567220808,254,4,6.711858466692551,0.015486194520658433,33,9.362948607756527,COMPLETE,0.27019197093069863
17,0.0730196175371671,2026-07-27 05:04:40.060248,2026-07-27 05:04:47.460653,0 days 00:00:07.400405,0.28202868567147377,254,6,2.115660327445,0.023825070588118342,29,7.287656467440589,COMPLETE,0.2702214231647208
11,0.07303682750243844,2026-07-27 05:03:07.715874,2026-07-27 05:03:28.510781,0 days 00:00:20.794907,0.42796884485091996,254,8,9.633334585464466,0.010119790237272597,43,0.10606025016885524,COMPLETE,0.27025326547969486
12,0.07304205258184301,2026-07-27 05:03:28.521022,2026-07-27 05:03:49.198421,0 days 00:00:20.677399,0.42936256408776186,254,8,8.729696442293527,0.010159875366127846,50,0.10663271768527423,COMPLETE,0.27026293231193027
87,0.07311513528899136,2026-07-27 05:14:19.921933,2026-07-27 05:14:23.420462,0 days 00:00:03.498529,0.31631065891073673,254,5,6.349717450841779,0.0401604773061842,6,1.8941366754086895,COMPLETE,0.2703981051875019
75,0.07311865641517201,2026-07-27 05:12:24.090450,2026-07-27 05:12:59.544694,0 days 00:00:35.454244,0.6047342496854821,254,9,2.729870933469107,0.013342315879155953,4,0.7803519455065892,COMPLETE,0.2704046161129133
177,0.07312931969358057,2026-07-27 05:33:28.979059,2026-07-27 05:33:31.416988,0 days 00:00:02.437929,0.1361684674854789,254,6,2.320179423767781,0.08011263947163177,27,1.6510304859656126,COMPLETE,0.2704243326581034
117,0.07314161913207201,2026-07-27 05:20:22.722158,2026-07-27 05:20:33.743762,0 days 00:00:11.021604,0.8648982036885228,254,8,3.2347299759986443,0.029200936397338582,6,2.1387227028161386,COMPLETE,0.27044707270013485
5,0.07315537273238887,2026-07-27 05:01:36.405637,2026-07-27 05:01:46.708202,0 days 00:00:10.302565,0.37369099987203525,254,9,5.85093487066968,0.051062077809570734,40,0.23873148824171073,COMPLETE,0.27047249903158155
89,0.07323088318991924,2026-07-27 05:14:34.724320,2026-07-27 05:14:36.902228,0 days 00:00:02.177908,0.682560899592628,254,5,2.4530738469606583,0.06604984993998166,8,1.0491504172139272,COMPLETE,0.2706120529280232
4,0.07324209917735312,2026-07-27 05:01:32.861511,2026-07-27 05:01:36.397094,0 days 00:00:03.535583,0.8129242149045683,254,4,3.339161413469574,0.04191918943023332,21,9.597050951546851,COMPLETE,0.27063277550465525
3,0.07325836224839924,2026-07-27 05:01:04.199697,2026-07-27 05:01:32.843568,0 days 00:00:28.643871,0.9256197218146839,254,9,2.541900698163722,0.02217488124981739,11,1.4657293416531605,COMPLETE,0.2706628202180699
192,0.07329004793354027,2026-07-27 05:36:07.515471,2026-07-27 05:38:18.298480,0 days 00:02:10.783009,0.9117052751043697,254,10,1.5884826225316908,0.01001217293682575,29,1.8956079792067326,COMPLETE,0.27072134739163123
99,0.07330588386299144,2026-07-27 05:16:19.430556,2026-07-27 05:16:29.657199,0 days 00:00:10.226643,0.9283102889226726,128,6,2.403403330356156,0.010990311720722496,7,2.1644446500550236,COMPLETE,0.2707505934674778
176,0.07330702990296133,2026-07-27 05:33:18.666999,2026-07-27 05:33:28.969618,0 days 00:00:10.302619,0.9996559237999555,128,6,2.163227157744911,0.01000620247357622,35,1.9047401503280932,COMPLETE,0.27075270987187056
29,0.07332650339681902,2026-07-27 05:06:08.882037,2026-07-27 05:06:14.576723,0 days 00:00:05.694686,0.9123816133184864,128,6,2.2176255922714128,0.015965945456039236,7,0.6066443940069671,COMPLETE,0.27078866925486195
20,0.07333015191955392,2026-07-27 05:05:10.614338,2026-07-27 05:05:17.964729,0 days 00:00:07.350391,0.5717706644431201,254,9,4.02017228147634,0.09331913064848504,8,0.5975833590632786,COMPLETE,0.27079540601633906
86,0.07333115740507459,2026-07-27 05:14:14.630721,2026-07-27 05:14:19.909805,0 days 00:00:05.279084,0.025728395697789175,128,4,5.069866543543502,0.013668997174025352,9,0.8177895051526068,COMPLETE,0.27079726255092496
120,0.07333824830405286,2026-07-27 05:20:59.772472,2026-07-27 05:21:12.691495,0 days 00:00:12.919023,0.9745776158189473,128,6,1.9891023195734223,0.01054280310340909,40,4.407879101982691,COMPLETE,0.27081035486859223
69,0.07333967733220237,2026-07-27 05:11:41.159979,2026-07-27 05:11:48.398945,0 days 00:00:07.238966,0.5399916929819748,128,6,3.7979471498267103,0.01154144865801536,6,0.5631432332598169,COMPLETE,0.27081299328540787
10,0.07334081511977052,2026-07-27 05:03:05.653680,2026-07-27 05:03:07.705966,0 days 00:00:02.052286,0.3883481513201849,254,6,1.7424603810350736,0.098023592306791,1,2.019254662802007,COMPLETE,0.2708150939659208
39,0.0733542296169041,2026-07-27 05:07:06.747489,2026-07-27 05:07:11.545477,0 days 00:00:04.797988,0.9714179161117646,128,4,5.782577654115242,0.01971993940052839,15,1.7813788455551323,COMPLETE,0.2708398597269318
1,0.07336799754682724,2026-07-27 05:00:43.455774,2026-07-27 05:00:46.371412,0 days 00:00:02.915638,0.6687158467288463,128,6,5.208719248974097,0.034400823342080056,27,0.4121186537710539,COMPLETE,0.2708652756386969
36,0.0733740836799079,2026-07-27 05:06:52.397385,2026-07-27 05:06:56.654017,0 days 00:00:04.256632,0.8120412955171351,128,4,3.654216297716221,0.01657088114484945,4,0.26223805417278717,COMPLETE,0.2708765100186945
147,0.07338063903470661,2026-07-27 05:26:34.093460,2026-07-27 05:26:45.929053,0 days 00:00:11.835593,0.944269895603022,128,7,1.7200532979294327,0.011122504236686993,32,1.777111881165561,COMPLETE,0.2708886100128734
7,0.07345427789741325,2026-07-27 05:02:01.162937,2026-07-27 05:02:05.019275,0 days 00:00:03.856338,0.11468636809028121,128,7,1.0244380207446506,0.029123548790430612,12,0.17750254598589116,COMPLETE,0.27102449685851876
0,0.07350672844991953,2026-07-27 05:00:40.736944,2026-07-27 05:00:43.434549,0 days 00:00:02.697605,0.5852025740974558,128,6,2.599175122232524,0.05278867171067493,31,0.6426338700522214,COMPLETE,0.27112124308124497
8,0.07352015419554021,2026-07-27 05:02:05.029524,2026-07-27 05:02:06.931289,0 days 00:00:01.901765,0.6899570485568531,128,4,5.085789817268459,0.05387376937765312,49,0.8482377757543353,COMPLETE,0.2711460016218941
6,0.07355191509643,2026-07-27 05:01:46.716973,2026-07-27 05:02:01.153840,0 days 00:00:14.436867,0.2000442583181813,128,8,1.4507788687067287,0.01640583948282644,34,5.082389035051009,COMPLETE,0.2712045631924913
50,0.07356507073962094,2026-07-27 05:08:16.915165,2026-07-27 05:09:00.291259,0 days 00:00:43.376094,0.891962765941026,128,10,1.8140832316205322,0.010552584524827597,9,0.16262223871738107,COMPLETE,0.2712288162043645
46,0.07365279818659472,2026-07-27 05:07:48.426102,2026-07-27 05:07:50.767340,0 days 00:00:02.341238,0.766472496685724,128,6,4.6177023584090335,0.06712029697247644,19,1.3252835668399252,COMPLETE,0.27139049022873796
9,0.07370026232898189,2026-07-27 05:02:06.949160,2026-07-27 05:03:05.630094,0 days 00:00:58.680934,0.9510896101195342,128,10,1.5076012610470866,0.015047802228863595,23,4.327935385785895,COMPLETE,0.2714779223601468
